{
  "0": {
    "id": 0,
    "title": "No Plan B",
    "image": "../images/product_0.jpg",
    "image_small": "../images/product_0_small.jpg",
    "attribute": "Paperback",
    "description": "The gripping new Jack Reacher thriller from the No.1 bestselling authors Lee Child and Andrew Child.",
    "brand": "Lee Child",
    "avgRating": 4,
    "ratings": 24089,
    "price": 11.0,
    "oldPrice": 22.0,
    "badge": "seller"
  },
  "1": {
    "id": 1,
    "title": "Guinness World Records 2023",
    "image": "../images/product_1.jpg",
    "image_small": "../images/product_1_small.jpg",
    "attribute": "Hardcover",
    "brand": "Guinness World Records",
    "description": "The 2023 edition takes readers on a journey that's out of this world! ",
    "avgRating": 5,
    "ratings": 929,
    "price": 8.5,
    "oldPrice": 22.0,
    "quantity": 0,
    "badge": "choice"
  },
  "2": {
    "id": 2,
    "title": "One: Simple One-Pan Wonders",
    "image": "../images/product_2.jpg",
    "image_small": "../images/product_2_small.jpg",
    "attribute": "Paperback",
    "brand": "Jamie Oliver",
    "description": "Give them the simplest cookbook ever this Christmas . . . Jamie's back to basics with over 120 simple, delicious, ONE pan recipes",
    "avgRating": 4,
    "ratings": 2993,
    "price": 13.0,
    "oldPrice": 23.0,
    "badge": "choice"
  },
  "3": {
    "id": 3,
    "title": "The Bullet That Missed: (The Thursday Murder Club 3)",
    "image": "../images/product_3.jpg",
    "image_small": "../images/product_3_small.jpg",
    "attribute": "Paperback",
    "description": "Except trouble is never far away where the Thursday Murder Club is concerned. ",
    "brand": "Richard Osman",
    "avgRating": 5,
    "ratings": 29283,
    "price": 10.0,
    "oldPrice": 20.0
  },
  "4": {
    "id": 4,
    "title": "Interesting Facts For Curious Minds",
    "image": "../images/product_4.jpg",
    "image_small": "../images/product_4_small.jpg",
    "attribute": "Hardcover",
    "description": "Want to impress your friends and family with both useful, worthless but undeniably interesting facts? ",
    "brand": "Jordan Moore",
    "avgRating": 4,
    "ratings": 885,
    "price": 10.9,
    "oldPrice": 13.99,
    "badge": "limited"
  },
  "5": {
    "id": 5,
    "title": "It Start with Us",
    "image": "../images/product_5.jpg",
    "image_small": "../images/product_5_small.jpg",
    "attribute": "Paperback",
    "description": "Colleen Hoover tells fan favourite Atlas’s side of the story and shares what comes next in this long-anticipated sequel to the #1 Sunday Times bestseller It Ends with Us ",
    "brand": "Colleen Hoover",
    "avgRating": 4,
    "ratings": 44402,
    "price": 7.0,
    "oldPrice": 14.99,
    "badge": "choice"
  },
  "6": {
    "id": 6,
    "title": "SPACEBOY",
    "image": "../images/product_6.jpg",
    "image_small": "../images/product_6_small.jpg",
    "attribute": "Paperback",
    "description": "Go back to the Space Race with No.1 bestselling author David Walliams for a breathless cinematic adventure full of mystery, action, laughs and surprises ",
    "brand": "David Walliams",
    "avgRating": 5,
    "ratings": 877,
    "price": 7.0,
    "oldPrice": 14.99,
    "badge": "choice"
  },
  "7": {
    "id": 7,
    "title": "Lessons in Chemistry",
    "image": "../images/product_7.jpg",
    "image_small": "../images/product_7_small.jpg",
    "attribute": "Hardcover",
    "description": "Chemist Elizabeth Zott is not your average woman. In fact, Elizabeth Zott would be the first to point out that there is no such thing.",
    "brand": "Bonnie Garmus",
    "avgRating": 4,
    "ratings": 62749,
    "price": 8.0,
    "oldPrice": 16.99
  },
  "8": {
    "id": 8,
    "title": "2023 Guide to the Night Sky",
    "image": "../images/product_8.jpg",
    "image_small": "../images/product_8_small.jpg",
    "attribute": "Hardcover",
    "description": "From the UK’s Number One Astronomy publisher, this is the bestselling stargazing handbook to the planets, stars and constellations visible from the northern hemisphere.",
    "brand": "Storm Dunlop",
    "avgRating": 4,
    "ratings": 134,
    "price": 4.79,
    "oldPrice": 6.99,
    "badge": "choice"
  },
  "9": {
    "id": 9,
    "title": "Fire TV Stick Lite",
    "image": "../images/product_9.jpg",
    "image_small": "../images/product_9_small.jpg",
    "attribute": "Streaming Device",
    "description": "Our most affordable Fire TV Stick—enjoy fast streaming in Full HD. Comes with Alexa Voice Remote Lite. Easy to set up, stays hidden—plug in behind your TV, turn on the TV and connect to the internet to get set up. ",
    "brand": "Amazon",
    "avgRating": 4,
    "ratings": 17602,
    "price": 34.99,
    "oldPrice": 40.99,
    "badge": "choice"
  },
  "10": {
    "id": 10,
    "title": "BOSS Men's Prime Shirt",
    "image": "../images/product_10.jpg",
    "image_small": "../images/product_10_small.jpg",
    "attribute": "Polo",
    "description": "Shirt; BOSS; HUGO BOSS. 100% Cotton. Machine Wash. Fastening: Pull On. Collar Style: Classic. Slim Fit",
    "brand": "Hugo Boss",
    "avgRating": 3,
    "ratings": 10,
    "price": 42.95,
    "oldPrice": 45.0
  },
  "11": {
    "id": 11,
    "title": "Apple 2022 10.9-inch iPad",
    "image": "../images/product_11.jpg",
    "image_small": "../images/product_11_small.jpg",
    "attribute": "iPad",
    "description": "Striking 10.9-inch Liquid Retina display with True Tone. A14 Bionic chip with 6-core CPU and 4-core GPU. 12MP Wide back camera",
    "brand": "Apple",
    "avgRating": 5,
    "ratings": 262,
    "price": 499.0,
    "oldPrice": 549.0,
    "badge": "choice"
  },
  "12": {
    "id": 12,
    "title": "DeLonghi Nescafé Dolce Coffee Machine",
    "image": "../images/product_12.jpg",
    "image_small": "../images/product_12_small.jpg",
    "attribute": "Coffee Machine",
    "description": "Over 40 beverage varieties including Nescafe Dolce Gusto or starbucks coffees. Hot and cold drink capability for hot and cold beverages prepared with one easy move of the machine’s manual lever. Easy to clean as all the coffee grinds stay in the pods there is no mess, no fuss",
    "brand": "Nescafé",
    "avgRating": 4,
    "ratings": 6283,
    "price": 34.99,
    "oldPrice": 79.99,
    "badge": "limited"
  },
  "13": {
    "id": 13,
    "title": "Apple iPhone 14 Pro - Deep Purple",
    "image": "../images/product_13.jpg",
    "image_small": "../images/product_13_small.jpg",
    "attribute": "Mobile",
    "description": "6.1-inch Super Retina XDR display featuring Always-On and ProMotion. Dynamic Island, a magical new way to interact with iPhone. 48MP Main camera for up to 4x greater resolution. Cinematic mode now in 4K Dolby Vision up to 30 fps",
    "brand": "Apple",
    "avgRating": 5,
    "ratings": 1047,
    "price": 1039.0,
    "oldPrice": 1099.0,
    "badge": "seller"
  }
}
